accuracy,bleu score,nist score,meteor score
0.7016875147819519,0.10862642463954485,2.0962233533003087,0.03759325147143889
