accuracy,bleu score,nist score,meteor score
0.7715051770210266,0.2656870028422141,1.7228576202428212,0.21201138941461664
