accuracy,bleu score,nist score,meteor score
0.5944374799728394,0.2077511082095789,1.901846837136293,0.12993904016371116
