accuracy,bleu score,nist score,meteor score
0.703249990940094,0.10815404556411852,1.9907468613301347,0.037597579405651546
