accuracy,bleu score,nist score,meteor score
0.7007499933242798,0.12176390953025132,2.2658883883825593,0.04380177131458404
