accuracy,bleu score,nist score,meteor score
0.7624211311340332,0.32997348221905887,3.333636236617345,0.19621837815939688
