accuracy,bleu score,nist score,meteor score
0.7108545899391174,0.1013806505188195,1.8152872596074845,0.03863823608422087
